Order_ID,Customer_ID,Product_ID,Order_Date,Order_Status,Selling Price,Payment_Method
1,CID758,1230,2023-01-15,Delivered,9990,Credit Card
2,CID360,1361,2022-11-01,Cancelled,6299,Credit Card
3,CID944,1466,2023-05-22,Pending,38999,Credit Card
4,CID899,1198,2024-02-28,Delivered,21452,UPI
5,CID866,1639,2023-10-10,Returned,8499,UPI
6,CID668,1447,2022-09-05,Delivered,4880,Credit Card
7,CID610,1233,2024-01-03,Delivered,13490,Credit Card
8,CID882,1277,2023-07-19,Delivered,70000,Credit Card
9,CID559,1728,2023-03-01,Delivered,17999,Credit Card
10,CID565,1208,2022-12-12,Delivered,13489,UPI
11,CID869,1791,2024-05-01,Delivered,8690,Credit Card
12,CID530,1418,2023-02-14,Returned,6299,Credit Card
13,CID292,1504,2022-10-25,Delivered,9999,Credit Card
14,CID147,1525,2024-04-18,Returned,16999,Credit Card
15,CID4,1039,2023-06-07,Delivered,8990,UPI
16,CID181,1593,2023-09-30,Cancelled,20999,Credit Card
17,CID258,1918,2022-11-17,Cancelled,2997,Credit Card
18,CID410,1350,2024-03-11,Delivered,29999,Credit Card
19,CID748,1529,2023-08-08,Delivered,13499,Credit Card
20,CID758,1614,2022-10-04,Pending,37999,Credit Card
21,CID165,1981,2024-01-22,Pending,1500,UPI
22,CID234,1298,2023-04-05,Cancelled,8399,Credit Card
23,CID491,1636,2022-12-25,Delivered,13999,Credit Card
24,CID512,1824,2023-11-13,Pending,4450,Credit Card
25,CID392,1476,2024-02-09,Cancelled,13199,Credit Card
26,CID376,1253,2023-05-18,Pending,37990,Credit Card
27,CID767,1232,2022-09-19,Delivered,24900,Credit Card
28,CID283,1178,2024-04-04,Cancelled,30994,Credit Card
29,CID698,1935,2023-06-29,Delivered,9999,Credit Card
30,CID191,1785,2022-11-20,Pending,7299,UPI
31,CID627,1478,2024-03-05,Returned,79999,Credit Card
32,CID838,1491,2023-08-16,Delivered,14500,Credit Card
33,CID154,1527,2022-10-11,Returned,14499,UPI
34,CID268,1902,2024-01-29,Delivered,2290,Credit Card
35,CID747,1128,2023-04-12,Delivered,25889,Credit Card
36,CID888,1167,2022-12-08,Delivered,9990,Credit Card
37,CID478,1473,2024-05-19,Pending,7990,Credit Card
38,CID548,1216,2023-07-25,Delivered,60990,UPI
39,CID430,1792,2022-09-10,Delivered,5499,Credit Card
40,CID493,1427,2024-02-16,Delivered,43999,Credit Card
41,CID440,1223,2023-10-28,Cancelled,38999,Credit Card
42,CID172,1853,2023-03-17,Pending,7350,Credit Card
43,CID47,1931,2022-11-29,Returned,2142,UPI
44,CID260,1177,2024-04-25,Delivered,13990,Credit Card
45,CID39,1047,2023-06-14,Delivered,15999,Credit Card
46,CID885,1221,2022-10-18,Delivered,27990,Credit Card
47,CID470,1860,2024-01-08,Cancelled,9250,Credit Card
48,CID367,1295,2023-05-03,Delivered,10499,Credit Card
49,CID439,1970,2022-12-03,Delivered,7499,UPI
50,CID18,1420,2024-03-29,Delivered,4990,Credit Card
51,CID273,1699,2023-07-06,Pending,11499,Credit Card
52,CID792,1578,2022-09-24,Delivered,10999,UPI
53,CID695,1857,2024-04-10,Pending,7899,UPI
54,CID900,1809,2023-11-04,Returned,3490,Credit Card
55,CID629,1531,2022-10-21,Delivered,15499,Credit Card
56,CID230,1971,2024-02-01,Returned,2000,Credit Card
57,CID702,1839,2023-05-25,Cancelled,6450,Credit Card
58,CID928,1111,2022-12-19,Delivered,15500,Credit Card
59,CID969,1089,2024-01-14,Cancelled,17990,Credit Card
60,CID472,1336,2023-06-03,Pending,29999,Credit Card
61,CID510,1577,2022-11-08,Pending,17999,Credit Card
62,CID910,1492,2024-03-21,Returned,6749,Credit Card
63,CID395,1434,2023-08-30,Cancelled,13199,UPI
64,CID965,1251,2022-10-02,Cancelled,34990,Credit Card
65,CID808,1421,2024-04-06,Delivered,4990,UPI
66,CID810,1328,2023-07-13,Delivered,29999,Credit Card
67,CID195,1796,2022-11-24,Shipped,8590,Cash on Delivery
68,CID896,1789,2024-05-15,Delivered,21499,Cash on Delivery
69,CID866,1933,2023-02-20,Delivered,1680,Cash on Delivery
70,CID491,1562,2022-10-29,Delivered,12999,Cash on Delivery
71,CID7,1993,2024-01-11,Delivered,14927,Cash on Delivery
72,CID674,1113,2023-04-28,Delivered,17999,Cash on Delivery
73,CID44,1045,2022-12-16,Delivered,10990,UPI
74,CID660,1220,2024-03-19,Delivered,38990,Cash on Delivery
75,CID11,1802,2023-09-02,Delivered,1890,Cash on Delivery
76,CID294,1901,2022-11-10,Delivered,3499,Cash on Delivery
77,CID361,1819,2024-02-07,Pending,7290,Cash on Delivery
78,CID249,1313,2023-05-11,Shipped,52990,UPI
79,CID443,1776,2022-10-27,Delivered,13999,Cash on Delivery
80,CID354,1449,2024-04-01,Delivered,17999,UPI
81,CID935,1351,2023-06-21,Returned,19990,Cash on Delivery
82,CID951,1543,2022-09-08,Delivered,16999,Cash on Delivery
83,CID204,1668,2024-05-08,Delivered,9999,Cash on Delivery
84,CID431,1814,2023-11-20,Cancelled,7900,UPI
85,CID146,1371,2022-10-09,Delivered,25999,UPI
86,CID786,1745,2024-03-24,Shipped,24999,Cash on Delivery
87,CID600,1722,2023-08-03,Cancelled,11999,Cash on Delivery
88,CID810,1532,2022-12-30,Delivered,15499,UPI
89,CID156,1739,2024-01-19,Delivered,20999,UPI
90,CID69,1367,2023-04-16,Pending,12000,Cash on Delivery
91,CID707,1179,2022-11-14,Delivered,10990,Cash on Delivery
92,CID502,1987,2024-05-12,Pending,1625,Cash on Delivery
93,CID768,1667,2023-07-01,Delivered,15999,Cash on Delivery
94,CID65,1168,2022-10-23,Delivered,13990,Cash on Delivery
95,CID193,1950,2024-02-23,Cancelled,3740,Cash on Delivery
96,CID672,1092,2023-05-06,Shipped,34990,Cash on Delivery
97,CID851,1390,2022-09-15,Shipped,15599,Cash on Delivery
98,CID966,1828,2024-03-08,Delivered,10499,Cash on Delivery
99,CID467,1721,2023-10-05,Cancelled,11990,Cash on Delivery
100,CID288,1713,2022-11-03,Delivered,8285,Cash on Delivery
101,CID541,1765,2023-01-26,Pending,35999,Cash on Delivery
102,CID638,1855,2024-04-14,Delivered,9490,UPI
103,CID881,1482,2022-12-07,Delivered,11999,UPI
104,CID769,1692,2023-06-18,Returned,16999,Cash on Delivery
105,CID476,1380,2024-01-01,Delivered,8000,Cash on Delivery
106,CID420,1207,2023-09-17,Delivered,13489,Cash on Delivery
107,CID246,1793,2022-10-06,Delivered,5666,Cash on Delivery
108,CID822,1484,2024-03-31,Delivered,37999,Cash on Delivery
109,CID700,1265,2023-05-29,Delivered,80000,UPI
110,CID773,1345,2022-11-21,Cancelled,29990,Cash on Delivery
111,CID347,1662,2024-02-12,Pending,10499,UPI
112,CID793,1526,2023-04-03,Delivered,14499,Cash on Delivery
113,CID789,1153,2022-12-28,Cancelled,22990,Cash on Delivery
114,CID126,1189,2024-05-21,Delivered,21999,Cash on Delivery
115,CID311,1989,2023-07-09,Shipped,1000,Cash on Delivery
116,CID986,1607,2022-09-27,Cancelled,8499,Cash on Delivery
117,CID557,1192,2024-04-20,Pending,22990,UPI
118,CID649,1117,2023-10-14,Delivered,15726,Cash on Delivery
119,CID580,1335,2022-11-16,Returned,9990,Cash on Delivery
120,CID195,1850,2024-03-03,Cancelled,15999,Cash on Delivery
121,CID662,1293,2023-05-13,Returned,13998,Credit Card
122,CID459,1270,2022-12-01,Delivered,76000,Cash on Delivery
123,CID891,1382,2024-01-25,Cancelled,30600,Cash on Delivery
124,CID969,1160,2023-08-11,Delivered,7990,Credit Card
125,CID962,1517,2022-10-13,Delivered,19999,Cash on Delivery
126,CID594,1797,2024-04-09,Shipped,8590,Cash on Delivery
127,CID715,1865,2023-06-25,Delivered,7675,Cash on Delivery
128,CID881,1505,2022-09-12,Shipped,8799,Cash on Delivery
129,CID870,1101,2024-05-04,Cancelled,15000,Cash on Delivery
130,CID724,1848,2023-07-28,Delivered,15399,Cash on Delivery
131,CID946,1609,2022-10-31,Delivered,14999,UPI
132,CID835,1413,2024-02-19,Cancelled,5299,Cash on Delivery
133,CID716,1955,2023-03-06,Delivered,2499,Cash on Delivery
134,CID520,1471,2022-11-06,Delivered,15999,UPI
135,CID79,1588,2024-01-05,Delivered,11499,Cash on Delivery
136,CID538,1397,2023-09-21,Cancelled,8999,Cash on Delivery
137,CID10,1245,2022-12-22,Cancelled,56990,Cash on Delivery
138,CID176,1260,2024-04-16,Cancelled,71000,UPI
139,CID22,1984,2023-06-09,Delivered,6499,Cash on Delivery
140,CID312,1656,2022-10-20,Delivered,20999,UPI
141,CID828,1425,2024-03-14,Shipped,4649,Cash on Delivery
142,CID647,1712,2023-05-16,Delivered,13999,UPI
143,CID791,1978,2022-11-27,Shipped,1660,UPI
144,CID431,1358,2024-02-04,Delivered,7000,Cash on Delivery
145,CID372,1756,2023-08-25,Cancelled,10499,Cash on Delivery
146,CID112,1048,2022-10-01,Delivered,18380,Cash on Delivery
147,CID174,1009,2024-05-10,Delivered,9490,UPI
148,CID956,1856,2023-04-22,Delivered,9490,Cash on Delivery
149,CID849,1538,2022-12-14,Delivered,18499,UPI
150,CID476,1311,2024-03-27,Cancelled,50000,Cash on Delivery
151,CID618,1582,2023-02-05,Delivered,11990,Cash on Delivery
152,CID858,1920,2022-10-17,Cancelled,2480,Cash on Delivery
153,CID175,1959,2024-01-30,Delivered,2450,Credit Card
154,CID530,1784,2023-06-12,Delivered,7299,UPI
155,CID825,1054,2022-09-03,Cancelled,16990,Cash on Delivery
156,CID109,1368,2024-04-29,Cancelled,25999,UPI
157,CID752,1633,2023-11-15,Cancelled,32999,Cash on Delivery
158,CID283,1104,2022-12-26,Delivered,15000,Cash on Delivery
159,CID949,1914,2024-05-18,Delivered,1695,UPI
160,CID924,1813,2023-03-28,Cancelled,7900,Cash on Delivery
161,CID15,1191,2022-10-07,Delivered,34990,Cash on Delivery
162,CID329,1572,2024-02-14,Delivered,13999,Cash on Delivery
163,CID180,1384,2023-05-09,Delivered,49999,Cash on Delivery
164,CID328,1827,2022-11-09,Delivered,16499,Credit Card
165,CID395,1979,2024-03-01,Shipped,7299,Credit Card
166,CID723,1180,2023-07-22,Cancelled,17890,UPI
167,CID638,1509,2022-09-20,Delivered,11999,Cash on Delivery
168,CID317,1194,2024-04-03,Delivered,22990,Cash on Delivery
169,CID320,1025,2023-10-18,Delivered,14990,UPI
170,CID315,1119,2022-12-15,Delivered,12500,Cash on Delivery
171,CID44,1134,2024-01-09,Cancelled,19990,Cash on Delivery
172,CID339,1900,2023-04-20,Cancelled,4200,UPI
173,CID999,1658,2022-11-23,Delivered,12499,Cash on Delivery
174,CID193,1771,2024-05-05,Returned,9999,Cash on Delivery
175,CID602,1400,2023-06-27,Cancelled,14999,Credit Card
176,CID828,1655,2022-10-01,Delivered,9990,Cash on Delivery
177,CID860,1052,2024-03-16,Pending,19990,UPI
178,CID804,1787,2023-08-07,Delivered,8999,Cash on Delivery
179,CID864,1068,2022-11-29,Delivered,19990,UPI
180,CID873,1664,2024-01-06,Cancelled,10999,UPI
181,CID826,1714,2023-04-02,Delivered,8490,UPI
182,CID556,1879,2022-12-10,Returned,6660,Cash on Delivery
183,CID818,1441,2024-05-14,Delivered,9599,UPI
184,CID881,1500,2023-07-29,Delivered,14999,Cash on Delivery
185,CID61,1560,2022-09-17,Cancelled,11999,Cash on Delivery
186,CID916,1010,2024-04-22,Shipped,9490,UPI
187,CID27,1565,2023-10-04,Delivered,10499,Cash on Delivery
188,CID885,1806,2022-12-05,Delivered,3990,Cash on Delivery
189,CID454,1341,2024-03-10,Delivered,16990,Cash on Delivery
190,CID66,1670,2023-06-19,Returned,17999,Cash on Delivery
191,CID105,1228,2022-11-12,Delivered,13990,Cash on Delivery
192,CID162,1219,2024-01-27,Pending,15739,Cash on Delivery
193,CID197,1628,2023-04-08,Delivered,32999,Credit Card
194,CID591,1951,2022-10-24,Delivered,9999,Cash on Delivery
195,CID325,1480,2024-05-02,Cancelled,17999,UPI
196,CID209,1458,2023-07-15,Delivered,15999,UPI
197,CID961,1612,2022-09-07,Returned,47999,UPI
198,CID613,1926,2024-02-26,Cancelled,2249,Cash on Delivery
199,CID295,1977,2023-10-31,Delivered,1900,Cash on Delivery
200,CID713,1508,2022-12-21,Returned,13999,Cash on Delivery
201,CID731,1724,2024-04-11,Delivered,25999,UPI
202,CID939,1889,2023-05-20,Delivered,3490,UPI
203,CID758,1105,2022-11-18,Delivered,11000,Cash on Delivery
204,CID1000,1600,2024-01-04,Returned,10999,UPI
205,CID902,1922,2023-06-01,Delivered,4199,UPI
206,CID757,1225,2022-09-11,Delivered,27990,Cash on Delivery
207,CID155,1474,2024-03-09,Delivered,6999,UPI
208,CID106,1347,2023-11-28,Delivered,19990,UPI
209,CID586,1053,2022-10-15,Delivered,26798,UPI
210,CID682,1388,2024-05-23,Pending,12999,UPI
211,CID803,1873,2023-07-03,Delivered,8539,UPI
212,CID586,1155,2022-12-13,Pending,8990,UPI
213,CID89,1214,2024-02-08,Shipped,22990,Cash on Delivery
214,CID265,1452,2023-04-26,Delivered,9999,Cash on Delivery
215,CID146,1929,2022-11-05,Delivered,3075,UPI
216,CID228,1631,2024-04-07,Pending,6999,Cash on Delivery
217,CID555,1862,2023-09-19,Delivered,5999,Credit Card
218,CID378,1360,2022-10-03,Shipped,9999,UPI
219,CID488,1042,2024-01-20,Shipped,13990,Cash on Delivery
220,CID438,1867,2023-06-15,Cancelled,9290,Cash on Delivery
221,CID957,2000,2022-09-29,Delivered,18300,Cash on Delivery
222,CID183,1227,2024-03-22,Returned,38990,UPI
223,CID374,1116,2023-10-06,Delivered,10000,Cash on Delivery
224,CID673,1154,2022-12-09,Cancelled,13489,Cash on Delivery
225,CID52,1376,2024-05-13,Cancelled,20998,UPI
226,CID712,1986,2023-07-27,Pending,13199,Cash on Delivery
227,CID280,1804,2022-11-02,Delivered,2350,UPI
228,CID701,1123,2024-02-02,Returned,18000,Cash on Delivery
229,CID122,1615,2023-05-24,Delivered,41999,Cash on Delivery
230,CID971,1257,2022-10-10,Delivered,69999,UPI
231,CID867,1411,2024-04-05,Delivered,7199,Cash on Delivery
232,CID183,1944,2023-11-10,Delivered,8999,Credit Card
233,CID313,1041,2022-12-04,Delivered,35990,Cash on Delivery
234,CID712,1811,2024-01-23,Delivered,4190,UPI
235,CID789,1551,2023-04-14,Cancelled,7499,Cash on Delivery
236,CID731,1777,2022-11-19,Delivered,21999,Cash on Delivery
237,CID715,1608,2024-05-09,Cancelled,14999,Cash on Delivery
238,CID166,1626,2023-07-08,Shipped,16999,Credit Card
239,CID443,1144,2022-09-13,Returned,15000,Cash on Delivery
240,CID294,1046,2024-03-04,Shipped,13499,Cash on Delivery
241,CID147,1049,2023-10-25,Delivered,39990,Cash on Delivery
242,CID136,1078,2022-11-26,Delivered,39990,Cash on Delivery
243,CID296,1462,2024-04-27,Cancelled,19999,Cash on Delivery
244,CID702,1188,2023-06-23,Shipped,22990,Cash on Delivery
245,CID147,1464,2022-10-05,Returned,7499,UPI
246,CID753,1997,2024-01-16,Delivered,1400,Cash on Delivery
247,CID847,1453,2023-05-01,Delivered,13199,Cash on Delivery
248,CID327,1455,2022-12-29,Delivered,9599,Cash on Delivery
249,CID513,1470,2024-03-18,Delivered,17999,Cash on Delivery
250,CID141,1758,2023-09-08,Returned,9499,Cash on Delivery
251,CID7,1373,2022-11-07,Delivered,13990,Cash on Delivery
252,CID395,1362,2024-04-02,Delivered,13299,UPI
253,CID206,1264,2023-06-11,Delivered,92000,Cash on Delivery
254,CID563,1704,2022-10-26,Delivered,9499,UPI
255,CID155,1887,2024-01-13,Shipped,9199,Cash on Delivery
256,CID27,1130,2023-05-05,Delivered,12990,Cash on Delivery
257,CID784,1625,2022-12-18,Delivered,11999,Cash on Delivery
258,CID375,1755,2024-03-20,Shipped,8499,UPI
259,CID438,1446,2023-10-03,Delivered,17999,UPI
260,CID944,1568,2022-11-25,Delivered,6999,Cash on Delivery
261,CID619,1621,2024-05-07,Returned,6499,Cash on Delivery
262,CID673,1511,2023-07-20,Cancelled,11999,Cash on Delivery
263,CID988,1757,2022-09-16,Delivered,9499,UPI
264,CID60,1422,2024-04-19,Pending,5299,UPI
265,CID260,1932,2023-11-01,Cancelled,2533,UPI
266,CID63,1186,2022-12-06,Delivered,22990,UPI
267,CID922,1775,2024-01-02,Cancelled,8499,UPI
268,CID333,1161,2023-04-24,Cancelled,20990,Cash on Delivery
269,CID985,1666,2022-10-08,Cancelled,17999,UPI
270,CID510,1332,2024-03-12,Delivered,16990,Cash on Delivery
271,CID708,1676,2023-06-30,Delivered,8999,Cash on Delivery
272,CID569,1645,2022-11-15,Delivered,10990,Cash on Delivery
273,CID142,1497,2024-05-16,Delivered,7299,Cash on Delivery
274,CID371,1801,2023-08-01,Cancelled,3150,Cash on Delivery
275,CID721,1280,2022-09-21,Delivered,44990,UPI
276,CID528,1103,2024-02-29,Cancelled,15990,UPI
277,CID652,1077,2023-10-11,Pending,29489,Cash on Delivery
278,CID948,1871,2022-12-02,Delivered,7997,UPI
279,CID26,1100,2024-04-23,Delivered,15000,UPI
280,CID455,1372,2023-07-05,Shipped,14162,Cash on Delivery
281,CID541,1533,2022-11-04,Cancelled,16499,Cash on Delivery
282,CID410,1503,2024-01-21,Cancelled,9999,Cash on Delivery
283,CID261,1523,2023-05-17,Cancelled,8999,UPI
284,CID968,1881,2022-10-12,Cancelled,4790,UPI
285,CID760,1200,2024-03-07,Shipped,13990,Cash on Delivery
286,CID301,1195,2023-11-14,Delivered,12990,Cash on Delivery
287,CID534,1965,2022-12-20,Delivered,12999,Cash on Delivery
288,CID671,1646,2024-01-10,Cancelled,11990,Cash on Delivery
289,CID873,1242,2023-04-06,Delivered,38990,UPI
290,CID451,1406,2022-11-01,Delivered,5699,Cash on Delivery
291,CID334,1477,2024-05-19,Delivered,19999,Cash on Delivery
292,CID289,1224,2023-07-02,Pending,9490,UPI
293,CID614,1338,2022-09-28,Delivered,55000,UPI
294,CID731,1287,2024-04-15,Delivered,9999,Cash on Delivery
295,CID176,1564,2023-10-29,Pending,19999,Cash on Delivery
296,CID851,1127,2022-12-07,Delivered,14990,Cash on Delivery
297,CID654,1141,2024-01-08,Delivered,12990,Cash on Delivery
298,CID752,1514,2023-05-27,Pending,15999,Cash on Delivery
299,CID203,1695,2022-11-20,Delivered,8499,UPI
300,CID261,1383,2024-03-03,Delivered,49999,UPI
301,CID79,1027,2023-06-05,Cancelled,29990,UPI
302,CID522,1943,2022-10-18,Delivered,7290,Cash on Delivery
303,CID25,1291,2024-05-06,Delivered,7999,Cash on Delivery
304,CID696,1733,2023-08-10,Delivered,7499,Cash on Delivery
305,CID116,1424,2022-11-13,Delivered,6299,Cash on Delivery
306,CID780,1023,2024-02-21,Cancelled,19990,UPI
307,CID949,1098,2023-04-09,Delivered,17000,Cash on Delivery
308,CID797,1606,2022-12-25,Delivered,17999,UPI
309,CID630,1540,2024-03-25,Delivered,9999,Cash on Delivery
310,CID995,1495,2023-06-16,Cancelled,7668,Cash on Delivery
311,CID778,1197,2022-10-04,Delivered,17990,Cash on Delivery
312,CID939,1037,2024-04-26,Shipped,15999,UPI
313,CID350,1014,2023-07-26,Delivered,15990,Cash on Delivery
314,CID29,1936,2022-11-09,Delivered,6499,Cash on Delivery
315,CID938,1426,2024-01-31,Cancelled,57999,Cash on Delivery
316,CID978,1129,2023-05-23,Delivered,13490,UPI
317,CID761,1090,2022-12-11,Delivered,15990,Cash on Delivery
318,CID612,1139,2024-05-03,Delivered,21150,UPI
319,CID30,1521,2023-03-09,Cancelled,9999,UPI
320,CID223,1830,2022-10-20,Delivered,4999,Cash on Delivery
321,CID897,1498,2024-02-15,Delivered,7299,Cash on Delivery
322,CID873,1566,2023-06-08,Cancelled,16999,Cash on Delivery
323,CID437,1769,2022-11-28,Delivered,8999,Cash on Delivery
324,CID665,1885,2024-04-17,Delivered,3599,Cash on Delivery
325,CID779,1246,2023-09-04,Delivered,12999,Cash on Delivery
326,CID752,1439,2022-10-07,Delivered,7499,UPI
327,CID472,1436,2024-03-01,Delivered,4890,Cash on Delivery
328,CID120,1316,2023-05-12,Delivered,29999,Cash on Delivery
329,CID592,1671,2022-11-23,Delivered,9999,Cash on Delivery
330,CID583,1799,2024-01-07,Delivered,2199,Credit Card
331,CID580,1284,2023-07-21,Delivered,10999,Cash on Delivery
332,CID617,1404,2022-12-14,Delivered,17999,UPI
333,CID299,1980,2024-05-10,Delivered,14490,Cash on Delivery
334,CID650,1594,2023-08-03,Delivered,12499,UPI
335,CID913,1079,2022-10-16,Delivered,15990,Cash on Delivery
336,CID263,1823,2024-02-28,Cancelled,4750,UPI
337,CID632,1148,2023-06-20,Delivered,13500,UPI
338,CID275,1912,2022-11-29,Delivered,1344,Cash on Delivery
339,CID602,1520,2024-03-17,Cancelled,9999,Cash on Delivery
340,CID952,1057,2023-09-29,Delivered,27990,Cash on Delivery
341,CID420,1481,2022-12-04,Delivered,7999,Credit Card
342,CID946,1437,2024-05-11,Cancelled,4499,UPI
343,CID785,1249,2023-07-16,Cancelled,13999,Credit Card
344,CID10,1783,2022-10-01,Delivered,7299,UPI
345,CID852,1266,2024-01-24,Delivered,80000,Cash on Delivery
346,CID383,1844,2023-04-18,Pending,5149,Credit Card
347,CID39,1231,2022-11-06,Delivered,12990,Cash on Delivery
348,CID108,1320,2024-03-29,Pending,10499,Cash on Delivery
349,CID648,1016,2023-06-02,Delivered,17990,Cash on Delivery
350,CID65,1836,2022-12-23,Delivered,11499,Cash on Delivery
351,CID811,1952,2024-04-05,Delivered,11999,Credit Card
352,CID943,1715,2023-07-10,Delivered,16999,Cash on Delivery
353,CID768,1948,2022-10-28,Delivered,2349,Cash on Delivery
354,CID435,1654,2024-01-11,Delivered,9990,Cash on Delivery
355,CID812,1416,2023-05-09,Cancelled,57999,UPI
356,CID846,1834,2022-11-17,Cancelled,8479,Cash on Delivery
357,CID671,1193,2024-03-06,Pending,34990,Cash on Delivery
358,CID494,1184,2023-06-27,Delivered,12990,Credit Card
359,CID224,1916,2022-12-08,Shipped,2440,Cash on Delivery
360,CID808,1537,2024-05-04,Cancelled,18499,UPI
361,CID267,1329,2023-07-04,Delivered,29999,Credit Card
362,CID890,1017,2022-10-10,Delivered,17990,Credit Card
363,CID162,1782,2024-01-19,Delivered,6299,Cash on Delivery
364,CID966,1861,2023-05-26,Delivered,7900,UPI
365,CID520,1638,2022-11-05,Pending,10999,Cash on Delivery
366,CID363,1058,2024-03-02,Delivered,21990,UPI
367,CID391,1702,2023-06-13,Cancelled,11999,UPI
368,CID99,1561,2022-12-16,Delivered,12999,UPI
369,CID313,1166,2024-04-21,Shipped,10990,Cash on Delivery
370,CID913,1300,2023-07-28,Delivered,55000,UPI
371,CID801,1031,2022-11-14,Cancelled,16990,Cash on Delivery
372,CID528,1315,2024-02-09,Delivered,12500,UPI
373,CID49,1869,2023-05-15,Cancelled,6598,UPI
374,CID929,1252,2022-10-22,Pending,37990,Cash on Delivery
375,CID530,1711,2024-04-10,Cancelled,11999,Cash on Delivery
376,CID952,1066,2023-08-07,Pending,21990,Cash on Delivery
377,CID794,1599,2022-12-03,Pending,8999,Cash on Delivery
378,CID512,1229,2024-01-26,Shipped,41990,UPI
379,CID535,1067,2023-04-04,Delivered,13499,Cash on Delivery
380,CID102,1669,2022-11-10,Delivered,19999,Cash on Delivery
381,CID766,1597,2024-05-18,Delivered,10499,Cash on Delivery
382,CID157,1286,2023-06-06,Delivered,44990,Cash on Delivery
383,CID389,1866,2022-10-25,Shipped,7899,Cash on Delivery
384,CID171,1994,2024-03-08,Delivered,6500,UPI
385,CID725,1725,2023-07-13,Delivered,11999,Cash on Delivery
386,CID184,1779,2022-12-19,Delivered,20999,Cash on Delivery
387,CID782,1726,2024-02-23,Delivered,11990,Cash on Delivery
388,CID538,1108,2023-05-02,Delivered,29489,UPI
389,CID172,1086,2022-11-08,Pending,14990,UPI
390,CID498,1812,2024-04-28,Delivered,1099,Cash on Delivery
391,CID420,1093,2023-06-19,Pending,19990,Cash on Delivery
392,CID278,1622,2022-12-05,Delivered,41999,Cash on Delivery
393,CID751,1261,2024-01-03,Delivered,80000,UPI
394,CID899,1677,2023-05-24,Delivered,10999,Cash on Delivery
395,CID775,1753,2022-11-18,Pending,11999,Cash on Delivery
396,CID707,1909,2024-03-21,Pending,1349,UPI
397,CID31,1576,2023-07-10,Delivered,12999,Cash on Delivery
398,CID827,1082,2022-12-26,Cancelled,20999,Cash on Delivery
399,CID490,1573,2024-04-12,Delivered,14999,UPI
400,CID825,1364,2023-05-01,Cancelled,9000,UPI
401,CID343,1035,2022-11-02,Delivered,12199,Cash on Delivery
402,CID843,1766,2024-01-06,Shipped,35999,Credit Card
403,CID644,1176,2023-06-15,Delivered,14990,UPI
404,CID721,1774,2022-10-14,Cancelled,8499,Cash on Delivery
405,CID460,1647,2024-05-09,Delivered,11900,Cash on Delivery
406,CID481,1617,2023-08-01,Delivered,41999,UPI
407,CID463,1151,2022-12-09,Delivered,10490,Cash on Delivery
408,CID361,1285,2024-02-18,Delivered,10990,UPI
409,CID691,1580,2023-05-29,Pending,10990,Cash on Delivery
410,CID657,1841,2022-11-05,Delivered,15999,Cash on Delivery
411,CID557,1099,2024-03-04,Delivered,27500,Cash on Delivery
412,CID718,1428,2023-06-25,Cancelled,43999,UPI
413,CID835,1652,2022-12-10,Delivered,11499,Cash on Delivery
414,CID76,1794,2024-04-08,Delivered,6490,Cash on Delivery
415,CID66,1070,2023-07-23,Shipped,24989,Cash on Delivery
416,CID88,1353,2022-11-20,Delivered,35990,Cash on Delivery
417,CID258,1385,2024-01-01,Delivered,15599,Cash on Delivery
418,CID503,1542,2023-05-18,Delivered,19999,Cash on Delivery
419,CID752,1985,2022-10-09,Delivered,3499,Cash on Delivery
420,CID692,1740,2024-02-25,Delivered,19499,Cash on Delivery
421,CID473,1407,2023-06-03,Delivered,40999,Cash on Delivery
422,CID757,1392,2022-12-04,Shipped,15599,Cash on Delivery
423,CID154,1276,2024-04-16,Pending,57000,Cash on Delivery
424,CID610,1065,2023-07-11,Cancelled,23490,UPI
425,CID410,1028,2022-11-28,Delivered,19990,Cash on Delivery
426,CID90,1642,2024-05-01,Delivered,10999,UPI
427,CID588,1243,2023-08-08,Delivered,9990,Cash on Delivery
428,CID634,1080,2022-10-23,Delivered,19990,Cash on Delivery
429,CID735,1234,2024-01-14,Delivered,17990,UPI
430,CID485,1114,2023-05-04,Delivered,9940,UPI
431,CID61,1006,2022-12-28,Cancelled,13990,Cash on Delivery
432,CID462,1623,2024-03-26,Delivered,14999,Cash on Delivery
433,CID31,1610,2023-07-09,Delivered,10499,Cash on Delivery
434,CID943,1393,2022-10-02,Shipped,5299,Credit Card
435,CID580,1735,2024-04-13,Delivered,10999,Cash on Delivery
436,CID494,1239,2023-06-21,Delivered,41990,UPI
437,CID220,1281,2022-12-15,Delivered,9990,Cash on Delivery
438,CID948,1891,2024-05-20,Delivered,10990,UPI
439,CID734,1956,2023-08-05,Delivered,3162,Cash on Delivery
440,CID407,1175,2022-11-01,Delivered,8490,UPI
441,CID829,1222,2024-01-29,Pending,4999,Cash on Delivery
442,CID795,1649,2023-05-22,Delivered,7499,Cash on Delivery
443,CID734,1164,2022-10-06,Delivered,10990,UPI
444,CID807,1788,2024-03-05,Delivered,6990,Cash on Delivery
445,CID172,1435,2023-06-24,Delivered,4890,UPI
446,CID619,1003,2022-12-08,Pending,13990,UPI
447,CID626,1044,2024-04-29,Delivered,16990,Cash on Delivery
448,CID800,1748,2023-07-14,Delivered,19999,Cash on Delivery
449,CID267,1387,2022-11-03,Delivered,46999,UPI
450,CID779,1687,2024-01-17,Delivered,10999,Cash on Delivery
451,CID799,1696,2023-05-07,Shipped,10499,Cash on Delivery
452,CID525,1074,2022-12-22,Delivered,24990,Cash on Delivery
453,CID814,1095,2024-03-01,Delivered,14990,Credit Card
454,CID519,1908,2023-06-20,Delivered,6600,Cash on Delivery
455,CID559,1248,2022-10-04,Cancelled,17999,UPI
456,CID976,1442,2024-05-13,Delivered,4890,Cash on Delivery
457,CID299,1637,2023-08-01,Delivered,14999,Cash on Delivery
458,CID96,1405,2022-11-26,Pending,38999,Cash on Delivery
459,CID398,1294,2024-01-09,Delivered,7799,UPI
460,CID140,1162,2023-05-28,Delivered,20990,Cash on Delivery
461,CID970,1290,2022-12-19,Delivered,5899,UPI
462,CID345,1749,2024-04-03,Delivered,24999,UPI
463,CID116,1502,2023-07-27,Delivered,7499,Cash on Delivery
464,CID373,1741,2022-10-15,Delivered,12999,Cash on Delivery
465,CID598,1352,2024-02-19,Delivered,35990,Cash on Delivery
466,CID407,1590,2023-06-07,Delivered,9990,UPI
467,CID989,1124,2022-11-09,Delivered,13799,Cash on Delivery
468,CID468,1331,2024-05-17,Delivered,20000,Cash on Delivery
469,CID410,1868,2023-08-16,Pending,5950,UPI
470,CID444,1681,2022-10-01,Delivered,13999,Cash on Delivery
471,CID16,1515,2024-03-24,Delivered,11999,Cash on Delivery
472,CID259,1937,2023-06-09,Cancelled,4049,Cash on Delivery
473,CID428,1063,2022-12-14,Cancelled,21990,Cash on Delivery
474,CID853,1146,2024-04-06,Delivered,19990,Cash on Delivery
475,CID892,1486,2023-07-03,Delivered,11999,Cash on Delivery
476,CID559,1158,2022-11-20,Delivered,27990,Credit Card
477,CID408,1665,2024-01-22,Delivered,10999,UPI
478,CID410,1226,2023-05-08,Returned,18990,Cash on Delivery
479,CID380,1029,2022-12-05,Shipped,14990,UPI
480,CID123,1675,2024-03-10,Cancelled,10999,Cash on Delivery
481,CID104,1506,2023-06-29,Delivered,13999,Cash on Delivery
482,CID278,1490,2022-10-17,Shipped,5990,Cash on Delivery
483,CID675,1060,2024-05-22,Delivered,25990,Credit Card
484,CID821,1081,2023-08-14,Delivered,13990,UPI
485,CID379,1874,2022-11-04,Delivered,8389,UPI
486,CID332,1817,2024-01-30,Pending,4650,Cash on Delivery
487,CID124,1820,2023-05-14,Delivered,15490,Cash on Delivery
488,CID882,1256,2022-12-29,Delivered,44999,Cash on Delivery
489,CID337,1974,2024-04-11,Delivered,1600,UPI
490,CID935,1746,2023-07-06,Delivered,19999,Cash on Delivery
491,CID451,1011,2022-10-21,Delivered,9490,UPI
492,CID817,1342,2024-02-23,Cancelled,9990,UPI
493,CID619,1921,2023-06-17,Delivered,1490,UPI
494,CID289,1960,2022-11-07,Pending,6499,Cash on Delivery
495,CID368,1110,2024-05-05,Shipped,13990,Cash on Delivery
496,CID484,1946,2023-08-09,Delivered,12149,Cash on Delivery
497,CID763,1858,2022-10-13,Pending,3999,Credit Card
498,CID333,1747,2024-01-27,Delivered,20999,Cash on Delivery
499,CID180,1556,2023-05-03,Delivered,19999,Cash on Delivery
500,CID954,1461,2022-12-18,Delivered,10999,Credit Card
501,CID10,1355,2024-03-09,Pending,9990,Cash on Delivery
502,CID292,1569,2023-06-26,Cancelled,29999,Cash on Delivery
503,CID34,1651,2022-11-25,Cancelled,12499,Cash on Delivery
504,CID709,1034,2024-05-15,Cancelled,19990,Cash on Delivery
505,CID761,1596,2023-07-08,Cancelled,8999,UPI
506,CID610,1356,2022-10-02,Delivered,25400,Cash on Delivery
507,CID580,1002,2024-04-20,Delivered,11990,Cash on Delivery
508,CID447,1305,2023-06-01,Delivered,29199,Cash on Delivery
509,CID111,1072,2022-12-13,Returned,11249,Cash on Delivery
510,CID867,1018,2024-02-12,Cancelled,10490,UPI
511,CID530,1443,2023-05-06,Shipped,12999,Cash on Delivery
512,CID37,1691,2022-11-09,Cancelled,14999,Cash on Delivery
513,CID176,1454,2024-03-27,Pending,9999,UPI
514,CID38,1886,2023-07-29,Delivered,9964,UPI
515,CID188,1896,2022-10-16,Delivered,11500,Cash on Delivery
516,CID872,1076,2024-05-02,Pending,29999,UPI
517,CID768,1992,2023-08-17,Delivered,11999,Cash on Delivery
518,CID479,1706,2022-11-21,Delivered,8499,Cash on Delivery
519,CID275,1120,2024-01-30,Delivered,12500,UPI
520,CID7,1650,2023-06-10,Delivered,7499,Cash on Delivery
521,CID136,1444,2022-12-06,Cancelled,26499,Cash on Delivery
522,CID542,1700,2024-04-18,Pending,9999,Cash on Delivery
523,CID355,1897,2023-07-01,Delivered,9999,Cash on Delivery
524,CID440,1917,2022-10-24,Delivered,1680,UPI
525,CID449,1069,2024-05-24,Delivered,9989,UPI
526,CID745,1423,2023-08-04,Shipped,6299,Cash on Delivery
527,CID954,1202,2022-11-17,Pending,24990,UPI
528,CID579,1798,2024-03-03,Delivered,2199,Cash on Delivery
529,CID555,1513,2023-06-22,Delivered,17999,Cash on Delivery
530,CID322,1322,2022-12-28,Delivered,12791,UPI
531,CID74,1339,2024-01-15,Delivered,6980,Cash on Delivery
532,CID542,1096,2023-05-10,Delivered,21990,Cash on Delivery
533,CID782,1283,2022-10-09,Delivered,9999,UPI
534,CID847,1773,2024-04-01,Delivered,11490,Cash on Delivery
535,CID71,1567,2023-07-25,Delivered,13999,Cash on Delivery
536,CID342,1019,2022-11-04,Cancelled,11960,Cash on Delivery
537,CID142,1875,2024-02-27,Shipped,3499,Credit Card
538,CID43,1507,2023-06-18,Delivered,15999,UPI
539,CID423,1102,2022-12-01,Shipped,18000,UPI
540,CID991,1842,2024-05-08,Delivered,4850,Cash on Delivery
541,CID148,1414,2023-08-11,Delivered,5299,UPI
542,CID239,1263,2022-10-05,Delivered,83000,Cash on Delivery
543,CID428,1707,2024-03-16,Delivered,19999,Cash on Delivery
544,CID192,1648,2023-06-28,Delivered,17999,Cash on Delivery
545,CID863,1781,2022-12-10,Cancelled,6299,Cash on Delivery
546,CID855,1928,2024-04-14,Pending,3886,Cash on Delivery
547,CID321,1299,2023-07-02,Delivered,12950,Cash on Delivery
548,CID446,1919,2022-11-23,Returned,2999,Cash on Delivery
549,CID154,1554,2024-01-04,Pending,19999,Cash on Delivery
550,CID957,1689,2023-05-19,Shipped,19999,UPI
551,CID965,1020,2022-12-25,Returned,11779,UPI
552,CID144,1238,2024-04-09,Delivered,38990,UPI
553,CID706,1005,2023-08-07,Cancelled,11990,Cash on Delivery
554,CID632,1432,2022-10-18,Delivered,4999,Cash on Delivery
555,CID861,1611,2024-05-01,Delivered,27999,UPI
556,CID698,1429,2023-06-20,Delivered,35999,Cash on Delivery
557,CID499,1142,2022-11-06,Delivered,12990,Cash on Delivery
558,CID156,1032,2024-02-05,Cancelled,16990,Cash on Delivery
559,CID932,1727,2023-05-23,Delivered,9490,Cash on Delivery
560,CID481,1686,2022-12-17,Returned,16999,UPI
561,CID511,1660,2024-04-24,Cancelled,8999,Cash on Delivery
562,CID652,1536,2023-07-12,Delivered,19999,Cash on Delivery
563,CID715,1483,2022-10-03,Pending,37999,Cash on Delivery
564,CID827,1849,2024-03-07,Cancelled,6399,Cash on Delivery
565,CID933,1964,2023-06-29,Delivered,56299,Cash on Delivery
566,CID807,1292,2022-12-05,Delivered,6999,UPI
567,CID483,1157,2024-05-18,Delivered,18490,UPI
568,CID58,1598,2023-07-19,Delivered,10499,UPI
569,CID258,1055,2022-11-20,Delivered,12990,Cash on Delivery
570,CID38,1750,2024-01-28,Cancelled,11999,UPI
571,CID218,1587,2023-05-11,Delivered,12499,Cash on Delivery
572,CID897,1346,2022-10-14,Cancelled,25990,UPI
573,CID121,1408,2024-04-04,Shipped,8499,Cash on Delivery
574,CID534,1751,2023-08-06,Shipped,36999,Cash on Delivery
575,CID937,1616,2022-11-27,Cancelled,47999,Cash on Delivery
576,CID800,1340,2024-03-01,Delivered,16990,Cash on Delivery
577,CID168,1731,2023-06-23,Delivered,19999,Cash on Delivery
578,CID933,1544,2022-10-08,Cancelled,16999,Cash on Delivery
579,CID891,1115,2024-05-21,Delivered,12990,Cash on Delivery
580,CID706,1717,2023-08-15,Delivered,13999,Cash on Delivery
581,CID662,1030,2022-11-03,Delivered,15990,Cash on Delivery
582,CID530,1883,2024-01-26,Delivered,4599,Cash on Delivery
583,CID361,1995,2023-05-13,Delivered,12499,UPI
584,CID386,1752,2022-12-19,Delivered,36999,Cash on Delivery
585,CID558,1440,2024-04-12,Delivered,49999,Cash on Delivery
586,CID894,1308,2023-07-07,Pending,9990,Cash on Delivery
587,CID695,1882,2022-10-01,Cancelled,4899,Cash on Delivery
588,CID440,1563,2024-03-14,Delivered,19999,Cash on Delivery
589,CID789,1036,2023-06-04,Cancelled,21990,UPI
590,CID151,1938,2022-12-23,Delivered,13549,UPI
591,CID791,1657,2024-05-07,Shipped,20999,Credit Card
592,CID981,1627,2023-08-09,Delivered,29999,Cash on Delivery
593,CID909,1494,2022-11-02,Delivered,12490,UPI
594,CID602,1516,2024-01-20,Delivered,11999,Cash on Delivery
595,CID685,1297,2023-06-11,Shipped,7299,Cash on Delivery
596,CID463,1854,2022-10-25,Delivered,8990,Cash on Delivery
597,CID235,1282,2024-04-05,Delivered,15532,Cash on Delivery
598,CID562,1810,2023-07-28,Delivered,3990,Cash on Delivery
599,CID211,1399,2022-11-06,Cancelled,5299,UPI
600,CID970,1022,2024-05-16,Cancelled,8990,Cash on Delivery
601,CID55,1479,2023-08-03,Delivered,15999,Cash on Delivery
602,CID592,1174,2022-12-17,Shipped,10990,UPI
603,CID18,1954,2024-04-10,Delivered,11999,UPI
604,CID179,1255,2023-07-05,Delivered,31999,Cash on Delivery
605,CID323,1087,2022-10-22,Delivered,60990,UPI
606,CID503,1557,2024-02-13,Returned,16999,Cash on Delivery
607,CID909,1718,2023-05-30,Pending,9999,Cash on Delivery
608,CID662,1468,2022-11-29,Delivered,8499,Cash on Delivery
609,CID208,1357,2024-03-22,Pending,8350,UPI
610,CID741,1344,2023-06-16,Delivered,14250,Cash on Delivery
611,CID870,1401,2022-10-07,Shipped,7199,Cash on Delivery
612,CID709,1306,2024-05-04,Delivered,27990,UPI
613,CID329,1205,2023-08-20,Delivered,29999,Cash on Delivery
614,CID543,1859,2022-11-01,Shipped,5990,UPI
615,CID57,1807,2024-04-26,Delivered,5199,Cash on Delivery
616,CID891,1737,2023-07-11,Delivered,18999,Cash on Delivery
617,CID98,1653,2022-12-15,Delivered,11499,UPI
618,CID782,1317,2024-01-25,Delivered,9499,Cash on Delivery
619,CID793,1348,2023-05-09,Delivered,6590,Cash on Delivery
620,CID351,1591,2022-10-20,Shipped,9990,Cash on Delivery
621,CID244,1822,2024-03-17,Pending,5290,Cash on Delivery
622,CID903,1559,2023-06-03,Delivered,9999,Cash on Delivery
623,CID488,1967,2022-12-08,Shipped,1399,UPI
624,CID61,1140,2024-05-12,Delivered,13750,Cash on Delivery
625,CID455,1795,2023-07-26,Delivered,6899,UPI
626,CID462,1327,2022-11-03,Delivered,9999,Cash on Delivery
627,CID39,1172,2024-04-01,Pending,19990,UPI
628,CID528,1043,2023-07-15,Delivered,10990,Cash on Delivery
629,CID556,1949,2022-10-10,Delivered,8999,UPI
630,CID779,1975,2024-02-14,Delivered,1600,UPI
631,CID50,1679,2023-05-27,Delivered,14999,Cash on Delivery
632,CID134,1759,2022-12-21,Delivered,10499,UPI
633,CID553,1632,2024-04-29,Shipped,29999,Cash on Delivery
634,CID635,1133,2023-08-08,Delivered,10000,Cash on Delivery
635,CID566,1475,2022-11-13,Delivered,32999,UPI
636,CID148,1528,2024-01-07,Cancelled,13499,Cash on Delivery
637,CID236,1314,2023-05-19,Delivered,19990,Cash on Delivery
638,CID237,1851,2022-10-04,Pending,9599,Cash on Delivery
639,CID143,1218,2024-03-25,Delivered,27990,Cash on Delivery
640,CID776,1204,2023-06-12,Returned,16890,UPI
641,CID686,1448,2022-12-07,Delivered,43999,UPI
642,CID839,1958,2024-05-06,Returned,4399,UPI
643,CID271,1112,2023-07-18,Delivered,17999,UPI
644,CID60,1379,2022-11-22,Delivered,11849,UPI
645,CID668,1499,2024-01-29,Returned,14999,Cash on Delivery
646,CID663,1840,2023-06-05,Cancelled,2650,UPI
647,CID718,1541,2022-10-09,Delivered,17999,Cash on Delivery
648,CID417,1012,2024-04-03,Returned,10490,Credit Card
649,CID263,1833,2023-07-29,Pending,7990,Cash on Delivery
650,CID777,1304,2022-12-16,Delivered,12790,Cash on Delivery
651,CID177,1697,2024-05-01,Cancelled,10499,Credit Card
652,CID758,1064,2023-08-12,Delivered,23490,Cash on Delivery
653,CID615,1415,2022-11-05,Shipped,5840,UPI
654,CID80,1770,2024-03-04,Delivered,11990,UPI
655,CID702,1899,2023-06-19,Delivered,6500,Cash on Delivery
656,CID731,1209,2022-12-25,Delivered,10990,Cash on Delivery
657,CID863,1736,2024-04-14,Pending,19999,Cash on Delivery
658,CID166,1301,2023-07-06,Delivered,12999,UPI
659,CID218,1258,2022-10-21,Delivered,44999,Cash on Delivery
660,CID382,1269,2024-02-17,Cancelled,39999,UPI
661,CID295,1583,2023-05-28,Cancelled,11900,Cash on Delivery
662,CID201,1825,2022-11-12,Pending,4990,UPI
663,CID378,1375,2024-03-30,Delivered,16996,Cash on Delivery
664,CID311,1780,2023-06-15,Shipped,6299,Cash on Delivery
665,CID935,1187,2022-12-09,Delivered,30990,UPI
666,CID711,1493,2024-05-11,Delivered,6999,Cash on Delivery
667,CID362,1389,2023-08-02,Cancelled,36299,Cash on Delivery
668,CID210,1570,2022-11-06,Cancelled,32999,Cash on Delivery
669,CID450,1084,2024-01-20,Delivered,24719,Cash on Delivery
670,CID883,1419,2023-06-13,Delivered,5699,Cash on Delivery
671,CID470,1403,2022-10-15,Cancelled,10999,UPI
672,CID118,1941,2024-04-21,Delivered,1149,UPI
673,CID891,1927,2023-07-27,Returned,3429,Cash on Delivery
674,CID26,1624,2022-11-28,Delivered,25999,Cash on Delivery
675,CID996,1459,2024-05-03,Delivered,10999,Cash on Delivery
676,CID415,1585,2023-08-16,Cancelled,7499,Credit Card
677,CID927,1354,2022-12-04,Delivered,9999,Cash on Delivery
678,CID183,1934,2024-01-18,Delivered,3999,Cash on Delivery
679,CID266,1303,2023-05-01,Delivered,5000,Cash on Delivery
680,CID990,1674,2022-10-07,Pending,8999,Credit Card
681,CID308,1386,2024-03-26,Shipped,7999,UPI
682,CID366,1182,2023-07-09,Delivered,14990,UPI
683,CID436,1240,2022-11-20,Shipped,41990,Cash on Delivery
684,CID980,1976,2024-04-10,Delivered,1900,UPI
685,CID374,1961,2023-06-06,Shipped,14499,Cash on Delivery
686,CID793,1417,2022-12-23,Pending,5699,Cash on Delivery
687,CID340,1412,2024-05-20,Delivered,15999,Cash on Delivery
688,CID236,1460,2023-08-01,Pending,14999,UPI
689,CID615,1764,2022-10-25,Delivered,17999,Cash on Delivery
690,CID6,1619,2024-01-29,Pending,13999,Cash on Delivery
691,CID923,1663,2023-05-16,Delivered,8999,Cash on Delivery
692,CID786,1001,2022-11-03,Cancelled,11990,Cash on Delivery
693,CID16,1107,2024-04-24,Delivered,19000,UPI
694,CID386,1121,2023-07-13,Pending,18990,Cash on Delivery
695,CID102,1816,2022-12-07,Delivered,4190,Cash on Delivery
696,CID633,1549,2024-01-02,Delivered,8999,UPI
697,CID563,1742,2023-05-23,Delivered,18999,Cash on Delivery
698,CID970,1013,2022-11-15,Delivered,15990,Cash on Delivery
699,CID994,1033,2024-03-01,Delivered,14990,Cash on Delivery
700,CID993,1996,2023-06-20,Pending,4800,Cash on Delivery
701,CID399,1524,2022-12-28,Delivered,16999,Credit Card
702,CID823,1872,2024-05-18,Returned,4489,Cash on Delivery
703,CID595,1878,2023-08-05,Delivered,14999,Cash on Delivery
704,CID54,1201,2022-10-09,Shipped,15990,Cash on Delivery
705,CID354,1268,2024-01-14,Cancelled,83000,Cash on Delivery
706,CID149,1998,2023-06-03,Pending,7739,Cash on Delivery
707,CID594,1097,2022-11-18,Delivered,12990,Cash on Delivery
708,CID896,1903,2024-04-05,Pending,15999,Cash on Delivery
709,CID701,1337,2023-07-28,Returned,30990,Cash on Delivery
710,CID77,1307,2022-10-12,Delivered,60000,Cash on Delivery
711,CID360,1007,2024-02-19,Delivered,10490,Cash on Delivery
712,CID757,1211,2023-05-08,Pending,17990,UPI
713,CID421,1693,2022-12-02,Delivered,14999,Cash on Delivery
714,CID179,1008,2024-03-24,Cancelled,9490,Cash on Delivery
715,CID100,1125,2023-06-11,Delivered,13899,Credit Card
716,CID509,1772,2022-11-27,Delivered,24999,Cash on Delivery
717,CID419,1910,2024-05-13,Delivered,1340,Cash on Delivery
718,CID18,1241,2023-07-04,Shipped,9990,Cash on Delivery
719,CID808,1472,2022-10-01,Pending,62999,Cash on Delivery
720,CID401,1710,2024-04-26,Returned,8999,Cash on Delivery
721,CID849,1698,2023-08-18,Pending,9499,UPI
722,CID146,1535,2022-11-06,Pending,15499,Cash on Delivery
723,CID409,1754,2024-01-29,Cancelled,10499,UPI
724,CID490,1661,2023-05-16,Delivered,10499,Cash on Delivery
725,CID172,1213,2022-12-20,Delivered,22990,Debit Card
726,CID69,1818,2024-04-11,Pending,6990,Cash on Delivery
727,CID877,1496,2023-07-03,Cancelled,8799,Cash on Delivery
728,CID102,1678,2022-10-25,Delivered,10999,Cash on Delivery
729,CID412,1595,2024-02-08,Delivered,8999,Cash on Delivery
730,CID287,1467,2023-05-24,Delivered,69999,Cash on Delivery
731,CID377,1396,2022-11-14,Pending,6999,Cash on Delivery
732,CID103,1682,2024-03-01,Shipped,17999,UPI
733,CID5,1334,2023-06-21,Delivered,7499,Debit Card
734,CID818,1845,2022-12-07,Cancelled,13649,UPI
735,CID91,1826,2024-05-15,Pending,2799,Cash on Delivery
736,CID549,1150,2023-08-04,Delivered,16990,Cash on Delivery
737,CID451,1149,2022-10-03,Cancelled,15990,Cash on Delivery
738,CID948,1518,2024-01-25,Shipped,19999,Debit Card
739,CID216,1760,2023-05-12,Delivered,8499,Cash on Delivery
740,CID778,1767,2022-11-06,Delivered,31999,Cash on Delivery
741,CID788,1888,2024-04-20,Pending,7999,Cash on Delivery
742,CID286,1800,2023-07-09,Pending,4150,Credit Card
743,CID824,1815,2022-12-22,Delivered,1099,Cash on Delivery
744,CID225,1723,2024-05-01,Delivered,10999,Cash on Delivery
745,CID514,1457,2023-08-11,Delivered,15999,UPI
746,CID314,1942,2022-10-10,Cancelled,10399,Cash on Delivery
747,CID676,1999,2024-02-28,Delivered,4672,Cash on Delivery
748,CID965,1289,2023-05-18,Delivered,13775,Credit Card
749,CID728,1530,2022-11-25,Cancelled,8999,Debit Card
750,CID182,1963,2024-04-03,Delivered,3220,Cash on Delivery
751,CID854,1732,2023-07-26,Cancelled,7499,UPI
752,CID450,1690,2022-12-19,Cancelled,16999,Credit Card
753,CID824,1579,2024-05-19,Delivered,10999,Debit Card
754,CID733,1450,2023-08-08,Cancelled,15599,Cash on Delivery
755,CID530,1522,2022-10-06,Delivered,8999,Debit Card
756,CID96,1635,2024-01-20,Cancelled,25999,Cash on Delivery
757,CID475,1547,2023-05-05,Delivered,17999,Cash on Delivery
758,CID677,1365,2022-11-01,Delivered,22999,Debit Card
759,CID944,1061,2024-03-29,Returned,25990,Cash on Delivery
760,CID189,1438,2023-06-16,Pending,7300,Cash on Delivery
761,CID846,1821,2022-12-08,Shipped,5290,Cash on Delivery
762,CID377,1075,2024-04-01,Delivered,8990,Cash on Delivery
763,CID76,1310,2023-07-27,Cancelled,50000,UPI
764,CID39,1684,2022-10-14,Delivered,10499,Cash on Delivery
765,CID44,1837,2024-02-23,Pending,11499,Cash on Delivery
766,CID792,1274,2023-06-10,Delivered,70000,Cash on Delivery
767,CID512,1085,2022-11-20,Delivered,24768,Debit Card
768,CID263,1548,2024-05-09,Delivered,8999,Cash on Delivery
769,CID527,1487,2023-08-01,Delivered,7699,UPI
770,CID559,1091,2022-12-13,Delivered,34990,Cash on Delivery
771,CID244,1940,2024-04-16,Cancelled,3974,Cash on Delivery
772,CID137,1847,2023-07-14,Delivered,9599,UPI
773,CID614,1073,2022-10-05,Pending,35990,UPI
774,CID176,1558,2024-01-08,Shipped,16999,UPI
775,CID104,1982,2023-05-27,Cancelled,3899,Cash on Delivery
776,CID712,1659,2022-11-09,Delivered,8999,UPI
777,CID16,1605,2024-03-04,Returned,19999,Cash on Delivery
778,CID842,1235,2023-06-17,Shipped,18990,Cash on Delivery
779,CID843,1273,2022-12-21,Delivered,92000,Cash on Delivery
780,CID357,1904,2024-05-01,Shipped,7999,UPI
781,CID391,1990,2023-08-10,Delivered,1860,Cash on Delivery
782,CID940,1395,2022-10-24,Delivered,36299,UPI
783,CID473,1122,2024-01-26,Pending,18990,Credit Card
784,CID444,1973,2023-05-15,Delivered,2200,Cash on Delivery
785,CID954,1062,2022-11-10,Cancelled,12889,Debit Card
786,CID574,1094,2024-03-06,Delivered,10990,Cash on Delivery
787,CID831,1015,2023-06-25,Cancelled,10490,Cash on Delivery
788,CID69,1040,2022-12-03,Delivered,15990,Debit Card
789,CID835,1907,2024-04-17,Delivered,3490,Cash on Delivery
790,CID510,1021,2023-07-08,Delivered,18979,Debit Card
791,CID264,1445,2022-10-15,Shipped,9599,Cash on Delivery
792,CID380,1778,2024-05-22,Delivered,20999,Debit Card
793,CID895,1852,2023-08-03,Pending,15999,Cash on Delivery
794,CID821,1288,2022-11-28,Delivered,14999,Credit Card
795,CID133,1318,2024-01-21,Delivered,8499,Cash on Delivery
796,CID755,1602,2023-06-14,Delivered,17999,Debit Card
797,CID149,1271,2022-12-16,Delivered,82000,Cash on Delivery
798,CID368,1088,2024-04-11,Shipped,34990,Cash on Delivery
799,CID425,1106,2023-07-29,Delivered,23990,Cash on Delivery
800,CID508,1738,2022-10-23,Delivered,18999,Cash on Delivery
801,CID461,1581,2024-02-04,Delivered,10990,Cash on Delivery
802,CID398,1469,2023-06-28,Delivered,13999,Cash on Delivery
803,CID199,1259,2022-11-17,Delivered,71000,Debit Card
804,CID747,1279,2024-05-18,Pending,7690,Debit Card
805,CID948,1589,2023-08-01,Delivered,11499,Cash on Delivery
806,CID739,1924,2022-10-08,Delivered,4049,UPI
807,CID735,1210,2024-03-24,Delivered,17990,Cash on Delivery
808,CID5,1394,2023-06-05,Delivered,14999,Cash on Delivery
809,CID216,1534,2022-12-14,Returned,15499,Cash on Delivery
810,CID981,1132,2024-04-09,Delivered,15677,Cash on Delivery
811,CID205,1038,2023-07-27,Shipped,13850,Cash on Delivery
812,CID901,1004,2022-11-20,Delivered,13990,UPI
813,CID994,1574,2024-01-20,Cancelled,10999,UPI
814,CID984,1575,2023-05-09,Delivered,8499,Cash on Delivery
815,CID666,1056,2022-12-05,Shipped,12990,Cash on Delivery
816,CID480,1644,2024-03-01,Delivered,10990,Cash on Delivery
817,CID912,1701,2023-06-29,Delivered,11999,Cash on Delivery
818,CID107,1641,2022-10-17,Pending,17999,Debit Card
819,CID310,1953,2024-05-11,Returned,4400,Cash on Delivery
820,CID712,1171,2023-08-04,Delivered,16990,Debit Card
821,CID321,1199,2022-11-01,Delivered,17990,Cash on Delivery
822,CID566,1786,2024-01-25,Shipped,6499,Cash on Delivery
823,CID81,1884,2023-06-13,Delivered,3599,Cash on Delivery
824,CID454,1969,2022-12-28,Shipped,10399,Cash on Delivery
825,CID299,1864,2024-04-18,Cancelled,5555,Cash on Delivery
826,CID861,1250,2023-07-16,Delivered,34990,Cash on Delivery
827,CID276,1630,2022-10-04,Delivered,29999,UPI
828,CID656,1863,2024-03-07,Cancelled,10499,Cash on Delivery
829,CID111,1326,2023-06-01,Returned,10199,Cash on Delivery
830,CID649,1945,2022-11-25,Shipped,9999,Cash on Delivery
831,CID331,1743,2024-05-08,Delivered,9499,Debit Card
832,CID283,1247,2023-08-19,Cancelled,16999,Debit Card
833,CID507,1553,2022-10-22,Delivered,21999,Cash on Delivery
834,CID9,1391,2024-01-14,Delivered,35999,Cash on Delivery
835,CID800,1898,2023-05-02,Delivered,3990,Cash on Delivery
836,CID992,1135,2022-12-10,Cancelled,12000,Debit Card
837,CID627,1763,2024-04-26,Cancelled,20999,Debit Card
838,CID827,1968,2023-07-09,Delivered,10399,Cash on Delivery
839,CID260,1719,2022-10-01,Delivered,17999,Debit Card
840,CID295,1236,2024-02-15,Cancelled,18990,Cash on Delivery
841,CID905,1024,2023-05-20,Pending,15990,Cash on Delivery
842,CID639,1673,2022-11-06,Delivered,9999,Cash on Delivery
843,CID693,1705,2024-03-04,Pending,6499,Cash on Delivery
844,CID588,1456,2023-06-25,Cancelled,17999,Cash on Delivery
845,CID401,1672,2022-12-08,Delivered,9999,Cash on Delivery
846,CID108,1374,2024-05-17,Cancelled,16790,Cash on Delivery
847,CID880,1398,2023-08-02,Shipped,5299,Cash on Delivery
848,CID178,1143,2022-10-10,Delivered,9500,Cash on Delivery
849,CID719,1262,2024-01-29,Cancelled,83000,Cash on Delivery
850,CID80,1319,2023-06-19,Delivered,29999,Cash on Delivery
851,CID765,1173,2022-11-23,Delivered,24990,Cash on Delivery
852,CID54,1734,2024-04-12,Delivered,7499,Cash on Delivery
853,CID500,1972,2023-07-05,Delivered,1400,UPI
854,CID882,1183,2022-12-25,Delivered,12990,Cash on Delivery
855,CID448,1325,2024-05-04,Pending,42021,Credit Card
856,CID404,1366,2023-08-15,Delivered,8199,Cash on Delivery
857,CID47,1640,2022-10-03,Cancelled,12999,Credit Card
858,CID802,1870,2024-03-27,Returned,7999,Cash on Delivery
859,CID426,1378,2023-06-18,Shipped,7990,Cash on Delivery
860,CID569,1604,2022-11-20,Shipped,9999,Cash on Delivery
861,CID572,1716,2024-01-09,Returned,31999,Cash on Delivery
862,CID920,1026,2023-05-29,Delivered,29990,Cash on Delivery
863,CID111,1137,2022-12-14,Delivered,14995,Cash on Delivery
864,CID688,1880,2024-04-05,Delivered,8499,Cash on Delivery
865,CID998,1147,2023-07-29,Cancelled,19990,UPI
866,CID85,1762,2022-10-07,Delivered,20999,Cash on Delivery
867,CID915,1703,2024-02-28,Cancelled,11499,Cash on Delivery
868,CID499,1512,2023-06-21,Returned,10999,Debit Card
869,CID540,1555,2022-11-09,Shipped,21999,Cash on Delivery
870,CID363,1805,2024-05-12,Returned,2490,Cash on Delivery
871,CID879,1893,2023-08-06,Delivered,7999,Cash on Delivery
872,CID53,1152,2022-10-24,Cancelled,22990,Debit Card
873,CID407,1071,2024-01-16,Pending,10990,Cash on Delivery
874,CID533,1215,2023-05-01,Delivered,22990,Cash on Delivery
875,CID681,1744,2022-12-19,Delivered,24999,Cash on Delivery
876,CID475,1212,2024-04-10,Cancelled,17990,Credit Card
877,CID729,1196,2023-07-03,Pending,14990,UPI
878,CID846,1618,2022-11-26,Shipped,16999,Cash on Delivery
879,CID280,1603,2024-05-05,Delivered,15999,Cash on Delivery
880,CID377,1254,2023-08-18,Delivered,39990,Cash on Delivery
881,CID600,1552,2022-10-15,Cancelled,14999,Cash on Delivery
882,CID499,1343,2024-02-09,Delivered,8499,Cash on Delivery
883,CID531,1451,2023-05-23,Delivered,13999,UPI
884,CID166,1571,2022-12-07,Delivered,32999,UPI
885,CID810,1832,2024-04-01,Cancelled,6475,Cash on Delivery
886,CID422,1217,2023-07-26,Shipped,4999,Cash on Delivery
887,CID634,1165,2022-11-19,Delivered,14990,UPI
888,CID572,1083,2024-05-16,Shipped,15990,Debit Card
889,CID20,1275,2023-08-09,Delivered,66000,UPI
890,CID92,1843,2022-10-06,Shipped,3990,UPI
891,CID826,1156,2024-01-27,Delivered,14990,Debit Card
892,CID567,1169,2023-05-04,Delivered,10990,Debit Card
893,CID113,1136,2022-12-21,Pending,21150,UPI
894,CID468,1915,2024-04-13,Shipped,2875,Cash on Delivery
895,CID897,1501,2023-07-07,Delivered,7499,Cash on Delivery
896,CID674,1966,2022-10-22,Pending,12999,Debit Card
897,CID910,1267,2024-03-05,Delivered,92000,UPI
898,CID67,1983,2023-06-24,Delivered,10499,UPI
899,CID491,1620,2022-11-03,Pending,29999,Cash on Delivery
900,CID137,1890,2024-05-18,Delivered,11999,Debit Card
901,CID384,1244,2023-08-01,Pending,21990,Cash on Delivery
902,CID958,1584,2022-10-28,Delivered,17999,Cash on Delivery
903,CID847,1939,2024-01-20,Returned,14499,Debit Card
904,CID193,1930,2023-05-09,Delivered,11999,Cash on Delivery
905,CID244,1190,2022-12-14,Delivered,22990,Cash on Delivery
906,CID540,1359,2024-04-03,Delivered,7000,Cash on Delivery
907,CID725,1643,2023-07-29,Cancelled,10999,UPI
908,CID986,1838,2022-11-21,Cancelled,6990,Cash on Delivery
909,CID437,1768,2024-05-12,Cancelled,8999,Cash on Delivery
910,CID463,1957,2023-08-04,Pending,3896,UPI
911,CID420,1991,2022-10-09,Delivered,9999,Cash on Delivery
912,CID511,1409,2024-02-27,Shipped,6999,Cash on Delivery
913,CID705,1145,2023-06-16,Pending,15000,Cash on Delivery
914,CID862,1330,2022-12-05,Cancelled,31971,Cash on Delivery
915,CID276,1402,2024-04-18,Cancelled,12999,Credit Card
916,CID49,1118,2023-07-03,Delivered,18000,UPI
917,CID670,1510,2022-11-01,Delivered,10999,Debit Card
918,CID516,1613,2024-01-25,Delivered,24999,Cash on Delivery
919,CID712,1831,2023-05-14,Pending,2999,Debit Card
920,CID827,1906,2022-12-28,Delivered,4150,Cash on Delivery
921,CID992,1410,2024-04-11,Delivered,57999,Credit Card
922,CID457,1433,2023-07-06,Shipped,17999,Cash on Delivery
923,CID772,1159,2022-10-23,Returned,10990,Debit Card
924,CID919,1312,2024-05-09,Returned,25990,Cash on Delivery
925,CID784,1629,2023-08-01,Delivered,32999,Cash on Delivery
926,CID177,1545,2022-11-04,Pending,17999,Cash on Delivery
927,CID343,1370,2024-01-27,Pending,29790,Cash on Delivery
928,CID655,1321,2023-05-17,Cancelled,55000,Debit Card
929,CID636,1923,2022-12-18,Delivered,1349,Cash on Delivery
930,CID649,1463,2024-03-02,Cancelled,43999,Cash on Delivery
931,CID372,1546,2023-06-25,Delivered,15999,Cash on Delivery
932,CID547,1913,2022-11-10,Cancelled,1399,Debit Card
933,CID748,1059,2024-05-15,Delivered,23490,Cash on Delivery
934,CID480,1369,2023-08-08,Delivered,24998,Cash on Delivery
935,CID343,1925,2022-10-06,Delivered,6499,Cash on Delivery
936,CID175,1808,2024-04-20,Cancelled,2450,Cash on Delivery
937,CID291,1962,2023-07-01,Pending,9999,Cash on Delivery
938,CID303,1278,2022-12-13,Delivered,39999,Cash on Delivery
939,CID955,1170,2024-02-12,Delivered,14990,UPI
940,CID769,1185,2023-05-06,Shipped,22990,Cash on Delivery
941,CID162,1730,2022-11-09,Delivered,17999,Cash on Delivery
942,CID833,1803,2024-03-27,Delivered,4290,Debit Card
943,CID410,1131,2023-07-29,Delivered,8490,Cash on Delivery
944,CID163,1911,2022-10-16,Shipped,1332,Cash on Delivery
945,CID664,1680,2024-05-02,Delivered,10999,Cash on Delivery
946,CID422,1430,2023-08-17,Cancelled,14499,Debit Card
947,CID896,1349,2022-11-21,Delivered,15999,Cash on Delivery
948,CID831,1323,2024-01-30,Cancelled,8800,Cash on Delivery
949,CID6,1126,2023-06-10,Cancelled,15990,Debit Card
950,CID848,1634,2022-12-06,Delivered,32999,Credit Card
951,CID485,1905,2024-04-18,Shipped,8950,Cash on Delivery
952,CID808,1050,2023-07-01,Shipped,16990,Cash on Delivery
953,CID180,1761,2022-10-24,Delivered,9999,Cash on Delivery
954,CID467,1109,2024-05-24,Pending,9490,UPI
955,CID879,1685,2023-08-04,Delivered,8499,Cash on Delivery
956,CID24,1586,2022-11-17,Delivered,7499,UPI
957,CID736,1988,2024-03-03,Delivered,1000,Cash on Delivery
958,CID675,1894,2023-06-22,Delivered,9999,Cash on Delivery
959,CID237,1694,2022-12-28,Delivered,27999,UPI
960,CID190,1683,2024-01-15,Pending,14999,Debit Card
961,CID137,1272,2023-05-10,Delivered,61000,Cash on Delivery
962,CID779,1465,2022-10-09,Returned,43999,Cash on Delivery
963,CID679,1519,2024-04-01,Cancelled,17999,Cash on Delivery
964,CID147,1539,2023-07-25,Delivered,16499,Cash on Delivery
965,CID12,1206,2022-11-04,Shipped,15990,Cash on Delivery
966,CID75,1296,2024-02-27,Delivered,24000,Cash on Delivery
967,CID208,1324,2023-06-18,Cancelled,5699,Cash on Delivery
968,CID304,1708,2022-12-01,Delivered,8999,Cash on Delivery
969,CID837,1790,2024-05-08,Returned,8750,Cash on Delivery
970,CID344,1688,2023-08-11,Cancelled,14999,Debit Card
971,CID972,1377,2022-10-05,Cancelled,21001,Cash on Delivery
972,CID837,1485,2024-03-16,Delivered,7990,Cash on Delivery
973,CID900,1333,2023-06-28,Delivered,22990,Debit Card
974,CID561,1237,2022-12-10,Pending,18990,Cash on Delivery
975,CID977,1592,2024-04-14,Delivered,20999,Cash on Delivery
976,CID605,1720,2023-07-02,Shipped,12799,Cash on Delivery
977,CID978,1709,2022-11-23,Pending,15999,UPI
978,CID293,1051,2024-01-04,Delivered,19990,Credit Card
979,CID988,1877,2023-05-19,Shipped,6999,UPI
980,CID262,1729,2022-12-25,Shipped,17999,UPI
981,CID624,1488,2024-04-09,Delivered,8499,Cash on Delivery
982,CID489,1363,2023-08-07,Delivered,31490,Debit Card
983,CID334,1829,2022-10-18,Delivered,7150,Debit Card
984,CID48,1181,2024-05-01,Cancelled,20990,Cash on Delivery
985,CID884,1381,2023-06-20,Delivered,8000,Cash on Delivery
986,CID830,1302,2022-11-06,Pending,10990,UPI
987,CID628,1835,2024-02-05,Pending,8479,Cash on Delivery
988,CID983,1203,2023-05-23,Delivered,16990,Cash on Delivery
989,CID204,1489,2022-12-17,Returned,8690,Debit Card
990,CID781,1895,2024-04-24,Shipped,3999,Cash on Delivery
991,CID888,1309,2023-07-12,Delivered,26299,Credit Card
992,CID969,1550,2022-10-03,Shipped,7499,Cash on Delivery
993,CID580,1846,2024-03-07,Shipped,11999,Cash on Delivery
994,CID52,1892,2023-06-29,Delivered,2799,Debit Card
995,CID709,1876,2022-12-05,Delivered,8000,Cash on Delivery
996,CID866,1163,2024-05-18,Delivered,14990,Cash on Delivery
997,CID760,1601,2023-07-19,Delivered,10999,UPI
998,CID798,1431,2022-11-20,Cancelled,6990,Cash on Delivery
999,CID336,1138,2024-01-28,Pending,9500,Debit Card
1000,CID170,1947,2023-05-11,Delivered,12149,Cash on Delivery
